,Mood,original_title,id,release_year,genre,overview,runtime,vote_average,budget,revenue
0,Inspired,I Am Legend,6479,2007,"Drama,Horror,Action,Thriller,Science Fiction","Robert Neville is a scientist who was unable to stop the spread of the terrible virus that was incurable and man-made. Immune, Neville is now the last human survivor in what is left of New York City and perhaps the world. For three years, Neville has faithfully sent out daily radio messages, desperate to find any other survivors who might be out there. But he is not alone.",101,6.9,150000000,585349010
1,Thrilled,Straight Outta Compton,277216,2015,"Drama,Music","In 1987, five young men, using brutally honest rhymes and hardcore beats, put their frustration and anger about life in the most dangerous place in America into the most powerful weapon they had: their music.  Taking us back to where it all began, Straight Outta Compton tells the true story of how these cultural rebels—armed only with their lyrics, swagger, bravado and raw talent—stood up to the authorities that meant to keep them down and formed the world’s most dangerous group, N.W.A.  And as they spoke the truth that no one had before and exposed life in the hood, their voice ignited a social revolution that is still reverberating today.",147,7.7,28000000,201634991
2,Happy,2 Fast 2 Furious,584,2003,"Action,Crime,Thriller","It's a major double-cross when former police officer Brian O'Conner teams up with his ex-con buddy Roman Pearce to transport a shipment of ""dirty"" money for shady Miami-based import-export dealer Carter Verone. But the guys are actually working with undercover agent Monica Fuentes to bring Verone down.",107,6.2,76000000,236350661
3,Happy,Love Actually,508,2003,"Comedy,Romance,Drama",Follows seemingly unrelated people as their lives begin to intertwine while they fall in – and out – of love. Affections languish and develop as Christmas draws near.,135,7,40000000,244931766
4,Happy,Love Actually,508,2003,"Comedy,Romance,Drama",Follows seemingly unrelated people as their lives begin to intertwine while they fall in – and out – of love. Affections languish and develop as Christmas draws near.,135,7,40000000,244931766
5,Romantic,Love Actually,508,2003,"Comedy,Romance,Drama",Follows seemingly unrelated people as their lives begin to intertwine while they fall in – and out – of love. Affections languish and develop as Christmas draws near.,135,7,40000000,244931766
6,Sad,Love Actually,508,2003,"Comedy,Romance,Drama",Follows seemingly unrelated people as their lives begin to intertwine while they fall in – and out – of love. Affections languish and develop as Christmas draws near.,135,7,40000000,244931766
7,Happy,Love Actually,508,2003,"Comedy,Romance,Drama",Follows seemingly unrelated people as their lives begin to intertwine while they fall in – and out – of love. Affections languish and develop as Christmas draws near.,135,7,40000000,244931766
8,Romantic,Love Actually,508,2003,"Comedy,Romance,Drama",Follows seemingly unrelated people as their lives begin to intertwine while they fall in – and out – of love. Affections languish and develop as Christmas draws near.,135,7,40000000,244931766
9,Inspired,Pitch Perfect,114150,2012,"Comedy,Music,Romance","College student Beca knows she does not want to be part of a clique, but that's exactly where she finds herself after arriving at her new school. Thrust in among mean gals, nice gals and just plain weird gals, Beca finds that the only thing they have in common is how well they sing together. She takes the women of the group out of their comfort zone of traditional arrangements and into a world of amazing harmonic combinations in a fight to the top of college music competitions.",112,7.3,17000000,115350426
10,Happy,Back to the Future,105,1985,"Adventure,Comedy,Science Fiction,Family","Eighties teenager Marty McFly is accidentally sent back in time to 1955, inadvertently disrupting his parents' first meeting and attracting his mother's romantic interest. Marty must repair the damage to history by rekindling his parents' romance and - with the help of his eccentric inventor friend Doc Brown - return to 1985.",116,8,19000000,381109762
11,Happy,Forrest Gump,13,1994,"Comedy,Drama,Romance","A man with a low IQ has accomplished great things in his life and been present during significant historic events - in each case, far exceeding what anyone imagined he could do. Yet, despite all the things he has attained, his one true love eludes him. 'Forrest Gump' is the story of a man who rose above his challenges, and who proved that determination, courage, and love are more important than ability.",142,8.2,55000000,677945399
12,Sad,Forrest Gump,13,1994,"Comedy,Drama,Romance","A man with a low IQ has accomplished great things in his life and been present during significant historic events - in each case, far exceeding what anyone imagined he could do. Yet, despite all the things he has attained, his one true love eludes him. 'Forrest Gump' is the story of a man who rose above his challenges, and who proved that determination, courage, and love are more important than ability.",142,8.2,55000000,677945399
13,Happy,Forrest Gump,13,1994,"Comedy,Drama,Romance","A man with a low IQ has accomplished great things in his life and been present during significant historic events - in each case, far exceeding what anyone imagined he could do. Yet, despite all the things he has attained, his one true love eludes him. 'Forrest Gump' is the story of a man who rose above his challenges, and who proved that determination, courage, and love are more important than ability.",142,8.2,55000000,677945399
14,Inspired,The Dark Knight,155,2008,"Drama,Action,Crime,Thriller","Batman raises the stakes in his war on crime. With the help of Lt. Jim Gordon and District Attorney Harvey Dent, Batman sets out to dismantle the remaining criminal organizations that plague the streets. The partnership proves to be effective, but they soon find themselves prey to a reign of chaos unleashed by a rising criminal mastermind known to the terrified citizens of Gotham as the Joker.",152,8.2,185000000,1004558444
15,Inspired,The Dark Knight,155,2008,"Drama,Action,Crime,Thriller","Batman raises the stakes in his war on crime. With the help of Lt. Jim Gordon and District Attorney Harvey Dent, Batman sets out to dismantle the remaining criminal organizations that plague the streets. The partnership proves to be effective, but they soon find themselves prey to a reign of chaos unleashed by a rising criminal mastermind known to the terrified citizens of Gotham as the Joker.",152,8.2,185000000,1004558444
16,Angry,The Dark Knight,155,2008,"Drama,Action,Crime,Thriller","Batman raises the stakes in his war on crime. With the help of Lt. Jim Gordon and District Attorney Harvey Dent, Batman sets out to dismantle the remaining criminal organizations that plague the streets. The partnership proves to be effective, but they soon find themselves prey to a reign of chaos unleashed by a rising criminal mastermind known to the terrified citizens of Gotham as the Joker.",152,8.2,185000000,1004558444
17,Happy,The Notebook,11036,2004,"Romance,Drama","An epic love story centered around an older man who reads aloud to a woman with Alzheimer's. From a faded notebook, the old man's words bring to life the story about a couple who is separated by World War II, and is then passionately reunited, seven years later, after they have taken different paths.",123,7.7,29000000,115603229
18,Romantic,The Notebook,11036,2004,"Romance,Drama","An epic love story centered around an older man who reads aloud to a woman with Alzheimer's. From a faded notebook, the old man's words bring to life the story about a couple who is separated by World War II, and is then passionately reunited, seven years later, after they have taken different paths.",123,7.7,29000000,115603229
19,Sad,The Notebook,11036,2004,"Romance,Drama","An epic love story centered around an older man who reads aloud to a woman with Alzheimer's. From a faded notebook, the old man's words bring to life the story about a couple who is separated by World War II, and is then passionately reunited, seven years later, after they have taken different paths.",123,7.7,29000000,115603229
20,Sad,The Notebook,11036,2004,"Romance,Drama","An epic love story centered around an older man who reads aloud to a woman with Alzheimer's. From a faded notebook, the old man's words bring to life the story about a couple who is separated by World War II, and is then passionately reunited, seven years later, after they have taken different paths.",123,7.7,29000000,115603229
21,Emotional,Star Wars,11,1977,"Adventure,Action,Science Fiction",Princess Leia is captured and held hostage by the evil Imperial forces in their effort to take over the galactic Empire. Venturesome Luke Skywalker and dashing captain Han Solo team together with the loveable robot duo R2-D2 and C-3PO to rescue the beautiful princess and restore peace and justice in the Empire.,121,8.1,11000000,775398007
22,Sad,A Walk to Remember,10229,2002,"Drama,Romance","When the popular, restless Landon Carter is forced to participate in the school drama production he falls in love with Jamie Sullivan, the daughter of the town's minister. Jamie has a ""to-do"" list for her life and also a very big secret she must keep from Landon.",101,7.5,11000000,41227069
23,Happy,Bolt,13053,2008,"Animation,Family,Adventure,Comedy","Bolt is the star of the biggest show in Hollywood. The only problem is, he thinks it's real. After he's accidentally shipped to New York City and separated from Penny, his beloved co-star and owner, Bolt must harness all his ""super powers"" to find a way home.",98,6.3,150000000,309979994
24,Sad,Happy Feet,9836,2006,"Animation,Comedy","Into the world of the Emperor Penguins, who find their soul mates through song, a penguin is born who cannot sing. But he can tap dance something fierce!",108,5.9,100000000,384335608
25,Inspired,Dead Poets Society,207,1989,Drama,"At an elite, old-fashioned boarding school in New England, a passionate English teacher inspires his students to rebel against convention and seize the potential of every day, courting the disdain of the stern headmaster.",129,8.1,16400000,235860116
26,Angry,Mad Max,9659,1979,"Adventure,Action,Thriller,Science Fiction","In a dystopian future Australia, a vicious biker gang murders a cop's family, and makes his fight with them personal.",93,6.6,400000,100000000
27,Angry,Mad Max,9659,1979,"Adventure,Action,Thriller,Science Fiction","In a dystopian future Australia, a vicious biker gang murders a cop's family, and makes his fight with them personal.",93,6.6,400000,100000000
28,Happy,Finding Nemo,12,2003,"Animation,Family","Nemo, an adventurous young clownfish, is unexpectedly taken from his Great Barrier Reef home to a dentist's office aquarium. It's up to his worrisome father Marlin and a friendly but forgetful fish Dory to bring Nemo home -- meeting vegetarian sharks, surfer dude turtles, hypnotic jellyfish, hungry seagulls, and more along the way.",100,7.6,94000000,940335536
29,Inspired,Finding Nemo,12,2003,"Animation,Family","Nemo, an adventurous young clownfish, is unexpectedly taken from his Great Barrier Reef home to a dentist's office aquarium. It's up to his worrisome father Marlin and a friendly but forgetful fish Dory to bring Nemo home -- meeting vegetarian sharks, surfer dude turtles, hypnotic jellyfish, hungry seagulls, and more along the way.",100,7.6,94000000,940335536
30,Thrilled,Robin Hood,20662,2010,"Action,Adventure","When soldier Robin happens upon the dying Robert of Loxley, he promises to return the man's sword to his family in Nottingham. There, he assumes Robert's identity; romances his widow, Marion; and draws the ire of the town's sheriff and King John's henchman, Godfrey.",140,6.2,200000000,310669540
31,Romantic,Tangled,38757,2010,"Animation,Family","When the kingdom's most wanted-and most charming-bandit Flynn Rider hides out in a mysterious tower, he's taken hostage by Rapunzel, a beautiful and feisty tower-bound teen with 70 feet of magical, golden hair. Flynn's curious captor, who's looking for her ticket out of the tower where she's been locked away for years, strikes a deal with the handsome thief and the unlikely duo sets off on an action-packed escapade, complete with a super-cop horse, an over-protective chameleon and a gruff gang of pub thugs.",100,7.4,260000000,591794936
32,Happy,Tangled,38757,2010,"Animation,Family","When the kingdom's most wanted-and most charming-bandit Flynn Rider hides out in a mysterious tower, he's taken hostage by Rapunzel, a beautiful and feisty tower-bound teen with 70 feet of magical, golden hair. Flynn's curious captor, who's looking for her ticket out of the tower where she's been locked away for years, strikes a deal with the handsome thief and the unlikely duo sets off on an action-packed escapade, complete with a super-cop horse, an over-protective chameleon and a gruff gang of pub thugs.",100,7.4,260000000,591794936
33,Inspired,The Last Samurai,616,2003,"Drama,Action,War,History","Nathan Algren is an American hired to instruct the Japanese army in the ways of modern warfare, which finds him learning to respect the samurai and the honorable principles that rule them. Pressed to destroy the samurai's way of life in the name of modernization and open trade, Algren decides to become an ultimate warrior himself and to fight for their right to exist.",154,7.3,140000000,456758981
34,Happy,Night at the Museum,1593,2006,"Action,Adventure,Comedy,Family,Fantasy","Chaos reigns at the natural history museum when night watchman Larry Daley accidentally stirs up an ancient curse, awakening Attila the Hun, an army of gladiators, a Tyrannosaurus rex and other exhibits. Larry tries desperately to keep the museum under control, but he's fighting a losing battle until President Teddy Roosevelt comes to the rescue.",108,6.3,110000000,574480841
35,Romantic,The Tourist,37710,2010,"Action,Thriller,Romance","American tourist Frank (Johnny Depp) meets mysterious British woman Elsie (Angelina Jolie) on the train to Venice. Romance seems to bud, but there's more to her than meets the eye. Remake of the 2005 French film ""Anthony Zimmer"", written and directed by Jérôme Salle.",103,6,100000000,278731369
36,Sad,The Truman Show,37165,1998,"Comedy,Drama","Truman Burbank is the star of ""The Truman Show"", a 24-hour-a-day ""reality"" TV show that broadcasts every aspect of his life -- live and in color -- without his knowledge. His entire life has been an unending soap opera for consumption by the rest of the world. And everyone he knows -- including his wife and his best friend -- is really an actor, paid to be part of his life.",103,7.8,60000000,264118201
37,Romantic,My Sister's Keeper,10024,2009,Drama,"Sara and Brian live an idyllic life with their young son and daughter. But their family is rocked by sudden, heartbreaking news that forces them to make a difficult and unorthodox choice in order to save their baby girl's life. The parents' desperate decision raises both ethical and moral questions and rips away at the foundation of their relationship. Their actions ultimately set off a court case that threatens to tear the family apart, while revealing surprising truths that challenge everyone's perceptions of love and loyalty and give new meaning to the definition of healing.",109,7.1,30000000,95714875
38,Inspired,Ratatouille,2062,2007,"Animation,Comedy,Family,Fantasy","A rat named Remy dreams of becoming a great French chef despite his family's wishes and the obvious problem of being a rat in a decidedly rodent-phobic profession. When fate places Remy in the sewers of Paris, he finds himself ideally situated beneath a restaurant made famous by his culinary hero, Auguste Gusteau. Despite the apparent dangers of being an unlikely - and certainly unwanted - visitor in the kitchen of a fine French restaurant, Remy's passion for cooking soon sets into motion a hilarious and exciting rat race that turns the culinary world of Paris upside down.",111,7.5,150000000,623722818
39,Inspired,Ratatouille,2062,2007,"Animation,Comedy,Family,Fantasy","A rat named Remy dreams of becoming a great French chef despite his family's wishes and the obvious problem of being a rat in a decidedly rodent-phobic profession. When fate places Remy in the sewers of Paris, he finds himself ideally situated beneath a restaurant made famous by his culinary hero, Auguste Gusteau. Despite the apparent dangers of being an unlikely - and certainly unwanted - visitor in the kitchen of a fine French restaurant, Remy's passion for cooking soon sets into motion a hilarious and exciting rat race that turns the culinary world of Paris upside down.",111,7.5,150000000,623722818
40,Thrilled,How to Train Your Dragon 2,82702,2014,"Fantasy,Action,Adventure,Animation,Comedy,Family","The thrilling second chapter of the epic How To Train Your Dragon trilogy brings back the fantastical world of Hiccup and Toothless five years later. While Astrid, Snotlout and the rest of the gang are challenging each other to dragon races (the island's new favorite contact sport), the now inseparable pair journey through the skies, charting unmapped territories and exploring new worlds. When one of their adventures leads to the discovery of a secret ice cave that is home to hundreds of new wild dragons and the mysterious Dragon Rider, the two friends find themselves at the center of a battle to protect the peace.",102,7.6,145000000,609123048
41,Angry,8 Mile,65,2002,Drama,"The setting is Detroit in 1995. The city is divided by 8 Mile, a road that splits the town in half along racial lines. A young white rapper, Jimmy ""B-Rabbit"" Smith Jr. summons strength within himself to cross over these arbitrary boundaries to fulfill his dream of success in hip hop. With his pal Future and the three one third in place, all he has to do is not choke.",110,6.8,41000000,215000000
42,Angry,Django Unchained,68718,2012,"Drama,Western","With the help of a German bounty hunter, a freed slave sets out to rescue his wife from a brutal Mississippi plantation owner.",165,7.8,100000000,425368238
43,Inspired,Django Unchained,68718,2012,"Drama,Western","With the help of a German bounty hunter, a freed slave sets out to rescue his wife from a brutal Mississippi plantation owner.",165,7.8,100000000,425368238
44,Thrilled/Excited,Django Unchained,68718,2012,"Drama,Western","With the help of a German bounty hunter, a freed slave sets out to rescue his wife from a brutal Mississippi plantation owner.",165,7.8,100000000,425368238
45,Angry,V for Vendetta,752,2006,"Action,Thriller,Fantasy","In a world in which Great Britain has become a fascist state, a masked vigilante known only as 'V' conducts guerrilla warfare against the oppressive British government. When 'V' rescues a young woman from the secret police, he finds in her an ally with whom he can continue his fight to free the people of Britain.",132,7.7,54000000,132511035
46,Emotional,I Am Sam,10950,2001,Drama,"Sam has the mental capacity of a 7-year-old. He has a daughter with a homeless woman who abandons them when they leave the hospital, leaving Sam to raise Lucy on his own. But as Lucy grows up, Sam's limitations start to become a problem and the authorities take her away. Sam shames high-priced lawyer Rita into taking his case pro bono and in turn teaches her the value of love and family.",132,7.2,22000000,92542418
47,Inspired,I Am Sam,10950,2001,Drama,"Sam has the mental capacity of a 7-year-old. He has a daughter with a homeless woman who abandons them when they leave the hospital, leaving Sam to raise Lucy on his own. But as Lucy grows up, Sam's limitations start to become a problem and the authorities take her away. Sam shames high-priced lawyer Rita into taking his case pro bono and in turn teaches her the value of love and family.",132,7.2,22000000,92542418
48,Sad,Top Gun,744,1986,"Action,Romance,War","For Lieutenant Pete 'Maverick' Mitchell and his friend and Co-Pilot Nick 'Goose' Bradshaw being accepted into an elite training school for fighter pilots is a dream come true.  A tragedy, as well as personal demons, threaten Pete's dreams of becoming an Ace pilot.",110,6.7,15000000,356830601
49,Happy,Top Gun,744,1986,"Action,Romance,War","For Lieutenant Pete 'Maverick' Mitchell and his friend and Co-Pilot Nick 'Goose' Bradshaw being accepted into an elite training school for fighter pilots is a dream come true.  A tragedy, as well as personal demons, threaten Pete's dreams of becoming an Ace pilot.",110,6.7,15000000,356830601
50,Happy,Top Gun,744,1986,"Action,Romance,War","For Lieutenant Pete 'Maverick' Mitchell and his friend and Co-Pilot Nick 'Goose' Bradshaw being accepted into an elite training school for fighter pilots is a dream come true.  A tragedy, as well as personal demons, threaten Pete's dreams of becoming an Ace pilot.",110,6.7,15000000,356830601
51,Inspired,Stranger Than Fiction,1262,2006,"Comedy,Drama,Fantasy,Romance","Everybody knows that your life is a story. But what if a story was your life? Harold Crick is your average IRS agent: monotonous, boring, and repetitive. But one day this all changes when Harold begins to hear an author inside his head narrating his life. But when the narration reveals he is going to die, Harold must find the author and convince them to change the ending.",113,7.1,30000000,53653224
52,Emotional,The Little Prince,309809,2015,"Adventure,Animation,Fantasy","Based on the best-seller book 'The Little Prince', the movie tells the story of a little girl that lives with resignation in a world where efficiency and work are the only dogmas. Everything will change when accidentally she discovers her neighbor that will tell her about the story of the Little Prince that he once met.",92,7.6,64000000,97571250
53,Romantic,About a Boy,245,2002,"Drama,Comedy,Romance","Will Freeman is a hip Londoner who one day realizes that his friends are all involved with the responsibilities of married life and that leaves him alone in the cold. Passing himself off as a single father, he starts to meet a string of single mums, confident in his ability to leave them behind when they start to ask for a commitment. But Will's hope of a continued bachelorhood is interrupted when he meets 12-year old Marcus, in many ways his complete opposite.",101,6.6,27000000,129000000
54,Romantic,About a Boy,245,2002,"Drama,Comedy,Romance","Will Freeman is a hip Londoner who one day realizes that his friends are all involved with the responsibilities of married life and that leaves him alone in the cold. Passing himself off as a single father, he starts to meet a string of single mums, confident in his ability to leave them behind when they start to ask for a commitment. But Will's hope of a continued bachelorhood is interrupted when he meets 12-year old Marcus, in many ways his complete opposite.",101,6.6,27000000,129000000
55,Romantic,About a Boy,245,2002,"Drama,Comedy,Romance","Will Freeman is a hip Londoner who one day realizes that his friends are all involved with the responsibilities of married life and that leaves him alone in the cold. Passing himself off as a single father, he starts to meet a string of single mums, confident in his ability to leave them behind when they start to ask for a commitment. But Will's hope of a continued bachelorhood is interrupted when he meets 12-year old Marcus, in many ways his complete opposite.",101,6.6,27000000,129000000
56,Thrilled/Excited,Die Hard,562,1988,"Action,Thriller","NYPD cop, John McClane's plan to reconcile with his estranged wife is thrown for a serious loop when minutes after he arrives at her office, the entire building is overtaken by a group of terrorists. With little help from the LAPD, wisecracking McClane sets out to single-handedly rescue the hostages and bring the bad guys down.",131,7.5,28000000,140767956
57,Inspired,Die Hard,562,1988,"Action,Thriller","NYPD cop, John McClane's plan to reconcile with his estranged wife is thrown for a serious loop when minutes after he arrives at her office, the entire building is overtaken by a group of terrorists. With little help from the LAPD, wisecracking McClane sets out to single-handedly rescue the hostages and bring the bad guys down.",131,7.5,28000000,140767956
58,Happy,Die Hard,562,1988,"Action,Thriller","NYPD cop, John McClane's plan to reconcile with his estranged wife is thrown for a serious loop when minutes after he arrives at her office, the entire building is overtaken by a group of terrorists. With little help from the LAPD, wisecracking McClane sets out to single-handedly rescue the hostages and bring the bad guys down.",131,7.5,28000000,140767956
59,Thrilled/Excited,Batman,268,1989,"Fantasy,Action","The Dark Knight of Gotham City begins his war on crime with his first major enemy being the clownishly homicidal Joker, who has seized control of Gotham's underworld.",126,7,35000000,411348924
60,Sad,Selena,16052,1997,Drama,"In this biographical drama, Selena Quintanilla is born into a musical Mexican-American family in Texas. Her father, Abraham, realizes that his young daughter is talented and begins performing with her at small venues. She finds success and falls for her guitarist, Chris Perez, who draws the ire of her father. Seeking mainstream stardom, Selena begins recording an English-language album which, tragically, she would never complete.",127,7,20000000,60000000
61,Sad,One Day,51828,2011,"Drama,Romance","A romantic comedy centered on Dexter and Emma, who first meet during their graduation in 1988 and proceed to keep in touch regularly. The film follows what they do on July 15 annually, usually doing something together.",107,7,15000000,59389433
62,Romantic,One Day,51828,2011,"Drama,Romance","A romantic comedy centered on Dexter and Emma, who first meet during their graduation in 1988 and proceed to keep in touch regularly. The film follows what they do on July 15 annually, usually doing something together.",107,7,15000000,59389433
63,Romantic,Becoming Jane,2977,2007,"Drama,Romance",A biographical portrait of a pre-fame Jane Austen and her romance with a young Irishman.,120,6.9,16500000,37311672
64,Romantic,Notting Hill,509,1999,"Romance,Comedy,Drama",The British comedy from director Roger Michell tells the love story between a famous actress and a simple book seller from London. A look into the attempt for famous people to have a personal and private life and the ramifications that follow. Nominated for three Golden Globes in 2000.,124,7,42000000,363889678
65,Inspired,The Imitation Game,205596,2014,"History,Drama,Thriller,War","Based on the real life story of legendary cryptanalyst Alan Turing, the film portrays the nail-biting race against time by Turing and his brilliant team of code-breakers at Britain's top-secret Government Code and Cypher School at Bletchley Park, during the darkest days of World War II.",113,8,14000000,233555708
66,Inspired,Coach Carter,7214,2005,Drama,"Based on a true story, in which Richmond High School head basketball coach Ken Carter made headlines in 1999 for benching his undefeated team due to poor academic results.",136,7.3,30000000,76669806
67,Sad,Room,264644,2015,"Drama,Thriller",Jack is a young boy of 5 years old who has lived all his life in one room. He believes everything within it are the only real things in the world. But what will happen when his Ma suddenly tells him that there are other things outside of Room?,117,8.1,6000000,35401758
68,Angry,12 Angry Men,389,1957,Drama,"The defense and the prosecution have rested and the jury is filing into the jury room to decide if a young Spanish-American is guilty or innocent of murdering his father. What begins as an open and shut case soon becomes a mini-drama of each of the jurors' prejudices and preconceptions about the trial, the accused, and each other.",96,8.2,350000,1000000
69,Emotional,Premonition,9963,2007,"Thriller,Drama,Mystery","A depressed housewife who learns her husband was killed in a car accident the day previously, awakens the next morning to find him alive and well at home, and then awakens the day after to a world in which he is still dead.",96,5.8,20000000,84146832
70,Emotional,Premonition,9963,2007,"Thriller,Drama,Mystery","A depressed housewife who learns her husband was killed in a car accident the day previously, awakens the next morning to find him alive and well at home, and then awakens the day after to a world in which he is still dead.",96,5.8,20000000,84146832
71,Emotional,Dear John,22971,2010,"Drama,Romance,War",Sergeant John Tyree is home on a 2 week leave from Germany. He meets Savannah after he dives into the ocean to retrieve Savannah's purse that had fallen off the pier. John falls in love with Savannah who is a student on spring break helping build a house for Habitat for Humanity. A romance occurs and Savannah falls deeply in love with John. She promises to write John overseas until he returns.,115,6.6,25000000,114977104
72,Emotional,Love Happens,25643,2009,"Drama,Romance","Dr. Burke Ryan is a successful self-help author and motivational speaker with a secret. While he helps thousands of people cope with tragedy and personal loss, he secretly is unable to overcome the death of his late wife. It's not until Burke meets a fiercely independent florist named Eloise that he is forced to face his past and overcome his demons.",109,5.6,18000000,36133014
73,Emotional,The Lake House,2044,2006,"Romance,Drama,Mystery","A lonely doctor who once occupied an unusual lakeside home begins exchanging love letters with its former resident, a frustrated architect. They must try to unravel the mystery behind their extraordinary romance before it's too late.",99,6.5,40000000,114830111
74,Inspired,Aladdin,812,1992,"Animation,Family,Comedy,Adventure,Fantasy,Romance","Princess Jasmine grows tired of being forced to remain in the palace and she sneaks out into the marketplace  in disguise where she meets street-urchin Aladdin and the two fall in love, although she may only marry a prince. After being thrown in jail, Aladdin and becomes embroiled in a plot to find a mysterious lamp with which the evil Jafar hopes to rule the land.",90,7.4,28000000,504050219
75,Happy,The Big Short,318846,2015,"Comedy,Drama",The men who made millions from a global economic meltdown.,130,7.3,28000000,133346506
76,Happy,The Big Short,318846,2015,"Comedy,Drama",The men who made millions from a global economic meltdown.,130,7.3,28000000,133346506
77,Happy,Grease,621,1978,Romance,"Australian good girl Sandy and greaser Danny fell in love over the summer. But when they unexpectedly discover they're now in the same high school, will they be able to rekindle their romance despite their eccentric friends?",110,7.2,6000000,181813770
78,Inspired,Titanic,597,1997,"Drama,Romance,Thriller","84 years later, a 101-year-old woman named Rose DeWitt Bukater tells the story to her granddaughter Lizzy Calvert, Brock Lovett, Lewis Bodine, Bobby Buell and Anatoly Mikailavich on the Keldysh about her life set in April 10th 1912, on a ship called Titanic when young Rose boards the departing ship with the upper-class passengers and her mother, Ruth DeWitt Bukater, and her fiancé, Caledon Hockley. Meanwhile, a drifter and artist named Jack Dawson and his best friend Fabrizio De Rossi win third-class tickets to the ship in a game. And she explains the whole story from departure until the death of Titanic on its first and last voyage April 15th, 1912 at 2:20 in the morning.",194,7.5,200000000,1845034188
79,Happy,Titanic,597,1997,"Drama,Romance,Thriller","84 years later, a 101-year-old woman named Rose DeWitt Bukater tells the story to her granddaughter Lizzy Calvert, Brock Lovett, Lewis Bodine, Bobby Buell and Anatoly Mikailavich on the Keldysh about her life set in April 10th 1912, on a ship called Titanic when young Rose boards the departing ship with the upper-class passengers and her mother, Ruth DeWitt Bukater, and her fiancé, Caledon Hockley. Meanwhile, a drifter and artist named Jack Dawson and his best friend Fabrizio De Rossi win third-class tickets to the ship in a game. And she explains the whole story from departure until the death of Titanic on its first and last voyage April 15th, 1912 at 2:20 in the morning.",194,7.5,200000000,1845034188
80,Sad,Titanic,597,1997,"Drama,Romance,Thriller","84 years later, a 101-year-old woman named Rose DeWitt Bukater tells the story to her granddaughter Lizzy Calvert, Brock Lovett, Lewis Bodine, Bobby Buell and Anatoly Mikailavich on the Keldysh about her life set in April 10th 1912, on a ship called Titanic when young Rose boards the departing ship with the upper-class passengers and her mother, Ruth DeWitt Bukater, and her fiancé, Caledon Hockley. Meanwhile, a drifter and artist named Jack Dawson and his best friend Fabrizio De Rossi win third-class tickets to the ship in a game. And she explains the whole story from departure until the death of Titanic on its first and last voyage April 15th, 1912 at 2:20 in the morning.",194,7.5,200000000,1845034188
81,Inspired,Titanic,597,1997,"Drama,Romance,Thriller","84 years later, a 101-year-old woman named Rose DeWitt Bukater tells the story to her granddaughter Lizzy Calvert, Brock Lovett, Lewis Bodine, Bobby Buell and Anatoly Mikailavich on the Keldysh about her life set in April 10th 1912, on a ship called Titanic when young Rose boards the departing ship with the upper-class passengers and her mother, Ruth DeWitt Bukater, and her fiancé, Caledon Hockley. Meanwhile, a drifter and artist named Jack Dawson and his best friend Fabrizio De Rossi win third-class tickets to the ship in a game. And she explains the whole story from departure until the death of Titanic on its first and last voyage April 15th, 1912 at 2:20 in the morning.",194,7.5,200000000,1845034188
82,Romantic,Titanic,597,1997,"Drama,Romance,Thriller","84 years later, a 101-year-old woman named Rose DeWitt Bukater tells the story to her granddaughter Lizzy Calvert, Brock Lovett, Lewis Bodine, Bobby Buell and Anatoly Mikailavich on the Keldysh about her life set in April 10th 1912, on a ship called Titanic when young Rose boards the departing ship with the upper-class passengers and her mother, Ruth DeWitt Bukater, and her fiancé, Caledon Hockley. Meanwhile, a drifter and artist named Jack Dawson and his best friend Fabrizio De Rossi win third-class tickets to the ship in a game. And she explains the whole story from departure until the death of Titanic on its first and last voyage April 15th, 1912 at 2:20 in the morning.",194,7.5,200000000,1845034188
83,Sad,Titanic,597,1997,"Drama,Romance,Thriller","84 years later, a 101-year-old woman named Rose DeWitt Bukater tells the story to her granddaughter Lizzy Calvert, Brock Lovett, Lewis Bodine, Bobby Buell and Anatoly Mikailavich on the Keldysh about her life set in April 10th 1912, on a ship called Titanic when young Rose boards the departing ship with the upper-class passengers and her mother, Ruth DeWitt Bukater, and her fiancé, Caledon Hockley. Meanwhile, a drifter and artist named Jack Dawson and his best friend Fabrizio De Rossi win third-class tickets to the ship in a game. And she explains the whole story from departure until the death of Titanic on its first and last voyage April 15th, 1912 at 2:20 in the morning.",194,7.5,200000000,1845034188
84,Happy,Titanic,597,1997,"Drama,Romance,Thriller","84 years later, a 101-year-old woman named Rose DeWitt Bukater tells the story to her granddaughter Lizzy Calvert, Brock Lovett, Lewis Bodine, Bobby Buell and Anatoly Mikailavich on the Keldysh about her life set in April 10th 1912, on a ship called Titanic when young Rose boards the departing ship with the upper-class passengers and her mother, Ruth DeWitt Bukater, and her fiancé, Caledon Hockley. Meanwhile, a drifter and artist named Jack Dawson and his best friend Fabrizio De Rossi win third-class tickets to the ship in a game. And she explains the whole story from departure until the death of Titanic on its first and last voyage April 15th, 1912 at 2:20 in the morning.",194,7.5,200000000,1845034188
85,Sad,Titanic,597,1997,"Drama,Romance,Thriller","84 years later, a 101-year-old woman named Rose DeWitt Bukater tells the story to her granddaughter Lizzy Calvert, Brock Lovett, Lewis Bodine, Bobby Buell and Anatoly Mikailavich on the Keldysh about her life set in April 10th 1912, on a ship called Titanic when young Rose boards the departing ship with the upper-class passengers and her mother, Ruth DeWitt Bukater, and her fiancé, Caledon Hockley. Meanwhile, a drifter and artist named Jack Dawson and his best friend Fabrizio De Rossi win third-class tickets to the ship in a game. And she explains the whole story from departure until the death of Titanic on its first and last voyage April 15th, 1912 at 2:20 in the morning.",194,7.5,200000000,1845034188
86,Sad,Titanic,597,1997,"Drama,Romance,Thriller","84 years later, a 101-year-old woman named Rose DeWitt Bukater tells the story to her granddaughter Lizzy Calvert, Brock Lovett, Lewis Bodine, Bobby Buell and Anatoly Mikailavich on the Keldysh about her life set in April 10th 1912, on a ship called Titanic when young Rose boards the departing ship with the upper-class passengers and her mother, Ruth DeWitt Bukater, and her fiancé, Caledon Hockley. Meanwhile, a drifter and artist named Jack Dawson and his best friend Fabrizio De Rossi win third-class tickets to the ship in a game. And she explains the whole story from departure until the death of Titanic on its first and last voyage April 15th, 1912 at 2:20 in the morning.",194,7.5,200000000,1845034188
87,Romantic,Titanic,597,1997,"Drama,Romance,Thriller","84 years later, a 101-year-old woman named Rose DeWitt Bukater tells the story to her granddaughter Lizzy Calvert, Brock Lovett, Lewis Bodine, Bobby Buell and Anatoly Mikailavich on the Keldysh about her life set in April 10th 1912, on a ship called Titanic when young Rose boards the departing ship with the upper-class passengers and her mother, Ruth DeWitt Bukater, and her fiancé, Caledon Hockley. Meanwhile, a drifter and artist named Jack Dawson and his best friend Fabrizio De Rossi win third-class tickets to the ship in a game. And she explains the whole story from departure until the death of Titanic on its first and last voyage April 15th, 1912 at 2:20 in the morning.",194,7.5,200000000,1845034188
88,Emotional,Billy Elliot,71,2000,"Drama,Comedy,Music","Set against the background of the 1984 Miner's Strike, Billy Elliot is an 11 year old boy who stumbles out of the boxing ring and onto the ballet floor. He faces many trials and triumphs as he strives to conquer his family's set ways, inner conflict, and standing on his toes!",110,7.4,5000000,110000000
89,Emotional,Star Trek,13475,2009,"Science Fiction,Action,Adventure","The fate of the galaxy rests in the hands of bitter rivals. One, James Kirk, is a delinquent, thrill-seeking Iowa farm boy. The other, Spock, a Vulcan, was raised in a logic-based society that rejects all emotion. As fiery instinct clashes with calm reason, their unlikely but powerful partnership is the only thing capable of leading their crew through unimaginable danger, boldly going where no one has gone before. The human adventure has begun again.",127,7.4,150000000,385680446
90,Sad,Me Before You,296096,2016,"Drama,Romance","A small town girl is caught between dead-end jobs. A high-profile, successful man becomes wheelchair bound following an accident. The man decides his life is not worth living until the girl is hired for six months to be his new caretaker. Worlds apart and trapped together by circumstance, the two get off to a rocky start. But the girl becomes determined to prove to the man that life is worth living and as they embark on a series of adventures together, each finds their world changing in ways neither of them could begin to imagine.",110,7.6,20000000,207945075
91,Happy,The Emperor's New Groove,11688,2000,"Adventure,Animation,Comedy,Family,Fantasy","Kuzco is a self-centered emperor who summons Pacha from a village and to tell him that his home will be destroyed to make room for Kuzco's new summer home. Kuzco's advisor, Yzma, tries to poison Kuzco and accidentally turns him into a llama, who accidentally ends up in Pacha's village. Pacha offers to help Kuzco if he doesn't destroy his house, and so they form an unlikely partnership.",78,7.2,100000000,169327687
92,Happy,Teenage Mutant Ninja Turtles,98566,2014,"Science Fiction,Action,Adventure,Fantasy,Comedy",The city needs heroes. Darkness has settled over New York City as Shredder and his evil Foot Clan have an iron grip on everything from the police to the politicians. The future is grim until four unlikely outcast brothers rise from the sewers and discover their destiny as Teenage Mutant Ninja Turtles. The Turtles must work with fearless reporter April and her wise-cracking cameraman Vern Fenwick to save the city and unravel Shredder's diabolical plan.,101,5.8,125000000,477200000
93,Thrilled,Teenage Mutant Ninja Turtles,98566,2014,"Science Fiction,Action,Adventure,Fantasy,Comedy",The city needs heroes. Darkness has settled over New York City as Shredder and his evil Foot Clan have an iron grip on everything from the police to the politicians. The future is grim until four unlikely outcast brothers rise from the sewers and discover their destiny as Teenage Mutant Ninja Turtles. The Turtles must work with fearless reporter April and her wise-cracking cameraman Vern Fenwick to save the city and unravel Shredder's diabolical plan.,101,5.8,125000000,477200000
94,Sad,Schindler's List,424,1993,"Drama,History,War",The true story of how businessman Oskar Schindler saved over a thousand Jewish lives from the Nazis while they worked as slaves in his factory during World War II.,195,8.3,22000000,321365567
95,Inspired,Good Will Hunting,489,1997,Drama,"Will Hunting has a genius-level IQ but chooses to work as a janitor at MIT. When he solves a difficult graduate-level math problem, his talents are discovered by Professor Gerald Lambeau, who decides to help the misguided youth reach his potential. When Will is arrested for attacking a police officer, Professor Lambeau makes a deal to get leniency for him if he will get treatment from therapist Sean Maguire.",126,7.9,10000000,225933435
96,Inspired,Good Will Hunting,489,1997,Drama,"Will Hunting has a genius-level IQ but chooses to work as a janitor at MIT. When he solves a difficult graduate-level math problem, his talents are discovered by Professor Gerald Lambeau, who decides to help the misguided youth reach his potential. When Will is arrested for attacking a police officer, Professor Lambeau makes a deal to get leniency for him if he will get treatment from therapist Sean Maguire.",126,7.9,10000000,225933435
97,Inspired,Good Will Hunting,489,1997,Drama,"Will Hunting has a genius-level IQ but chooses to work as a janitor at MIT. When he solves a difficult graduate-level math problem, his talents are discovered by Professor Gerald Lambeau, who decides to help the misguided youth reach his potential. When Will is arrested for attacking a police officer, Professor Lambeau makes a deal to get leniency for him if he will get treatment from therapist Sean Maguire.",126,7.9,10000000,225933435
98,Thrilled,Jurassic Park,329,1993,"Adventure,Science Fiction","A wealthy entrepreneur secretly creates a theme park featuring living dinosaurs drawn from prehistoric DNA. Before opening day, he invites a team of experts and his two eager grandchildren to experience the park and help calm anxious investors. However, the park is anything but amusing as the security systems go off-line and the dinosaurs escape.",127,7.6,63000000,920100000
99,Happy,The Incredibles,9806,2004,"Action,Adventure,Animation,Family","Bob Parr has given up his superhero days to log in time as an insurance adjuster and raise his three children with his formerly heroic wife in suburbia. But when he receives a mysterious assignment, it's time to get back into costume.",115,7.4,92000000,631442092
100,Thrilled,The Amazing Spider-Man,1930,2012,"Action,Adventure,Fantasy","Peter Parker is an outcast high schooler abandoned by his parents as a boy, leaving him to be raised by his Uncle Ben and Aunt May. Like most teenagers, Peter is trying to figure out who he is and how he got to be the person he is today. As Peter discovers a mysterious briefcase that belonged to his father, he begins a quest to understand his parents' disappearance – leading him directly to Oscorp and the lab of Dr. Curt Connors, his father's former partner. As Spider-Man is set on a collision course with Connors' alter ego, The Lizard, Peter will make life-altering choices to use his powers and shape his destiny to become a hero.",136,6.5,215000000,752215857
101,Romantic,Brave,62177,2012,"Animation,Adventure,Comedy,Family,Action,Fantasy","Brave is set in the mystical Scottish Highlands, where Mérida is the princess of a kingdom ruled by King Fergus and Queen Elinor. An unruly daughter and an accomplished archer, Mérida one day defies a sacred custom of the land and inadvertently brings turmoil to the kingdom. In an attempt to set things right, Mérida seeks out an eccentric old Wise Woman and is granted an ill-fated wish. Also figuring into Mérida’s quest — and serving as comic relief — are the kingdom’s three lords: the enormous Lord MacGuffin, the surly Lord Macintosh, and the disagreeable Lord Dingwall.",93,6.7,185000000,538983207
102,Happy,The Smurfs 2,77931,2013,"Fantasy,Family,Comedy,Animation","The evil wizard Gargamel creates a couple of mischievous Smurf-like creatures called the Naughties that he hopes will let him harness the all-powerful, magical Smurf-essence. But when he discovers that only a real Smurf can give him what he wants, and only a secret spell that Smurfette knows can turn the Naughties into real Smurfs, Gargamel kidnaps Smurfette and brings her to Paris, where he has been winning the adoration of millions as the world¹s greatest sorcerer. It's up to Papa, Clumsy, Grouchy, and Vanity to return to our world, reunite with their human friends Patrick and Grace Winslow, and rescue her! Will Smurfette, who has always felt different from the other Smurfs, find a new connection with the Naughties Vexy and Hackus or will the Smurfs convince her that their love for her is True Blue?",105,5.5,105000000,347434178
103,Angry,Indiana Jones and the Kingdom of the Crystal Skull,217,2008,"Adventure,Action","Set during the Cold War, the Soviets – led by sword-wielding Irina Spalko – are in search of a crystal skull which has supernatural powers related to a mystical Lost City of Gold. After being captured and then escaping from them, Indy is coerced to head to Peru at the behest of a young man whose friend – and Indy's colleague – Professor Oxley has been captured for his knowledge of the skull's whereabouts.",122,5.7,185000000,786636033
104,Romantic,Cinderella,150689,2015,"Romance,Fantasy,Family,Drama","When her father unexpectedly passes away, young Ella finds herself at the mercy of her cruel stepmother and her daughters. Never one to give up hope, Ella's fortunes begin to change after meeting a dashing stranger in the woods.",105,6.7,95000000,543514353
105,Romantic,Cinderella,150689,2015,"Romance,Fantasy,Family,Drama","When her father unexpectedly passes away, young Ella finds herself at the mercy of her cruel stepmother and her daughters. Never one to give up hope, Ella's fortunes begin to change after meeting a dashing stranger in the woods.",105,6.7,95000000,543514353
106,Sad,Contagion,39538,2011,"Drama,Thriller,Science Fiction","As an epidemic of a lethal airborne virus - that kills within days - rapidly grows, the worldwide medical community races to find a cure and control the panic that spreads faster than the virus itself.",106,6.2,60000000,137551594
107,Inspired,Charlie and the Chocolate Factory,118,2005,"Adventure,Comedy,Family,Fantasy","A young boy wins a tour through the most magnificent chocolate factory in the world, led by the world's most unusual candy maker.",115,6.7,150000000,474968763
108,Thrilled,Monsters,43933,2010,"Drama,Thriller,Science Fiction","Six years ago NASA discovered the possibility of alien life within our solar system. A probe was launched to collect samples, but crashed upon re-entry over Central America. Soon after, new life forms began to appear and half of Mexico was quarantined as an infected zone. Today, the American and Mexican military still struggle to contain ""the creatures,"" while a journalist agrees to escort a shaken tourist through the infected zone in Mexico to the safety of the U.S. border.",94,6.2,500000,4242978
109,Happy,The Godfather,238,1972,"Drama,Crime","Spanning the years 1945 to 1955, a chronicle of the fictional Italian-American Corleone crime family. When organized crime family patriarch, Vito Corleone barely survives an attempt on his life, his youngest son, Michael steps in to take care of the would-be killers, launching a campaign of bloody revenge.",175,8.4,6000000,245066411
110,Happy,The Godfather,238,1972,"Drama,Crime","Spanning the years 1945 to 1955, a chronicle of the fictional Italian-American Corleone crime family. When organized crime family patriarch, Vito Corleone barely survives an attempt on his life, his youngest son, Michael steps in to take care of the would-be killers, launching a campaign of bloody revenge.",175,8.4,6000000,245066411
111,Inspired,Step Brothers,12133,2008,Comedy,"Brennan Huff and Dale Doback might be grown men. But that doesn't stop them from living at home and turning into jealous, competitive stepbrothers when their single parents marry. Brennan's constant competition with Dale strains his mom's marriage to Dale's dad, leaving everyone to wonder whether they'll ever see eye to eye.",98,6.5,65000000,128107642
112,Sad,Up,14160,2009,"Animation,Comedy,Family,Adventure","Carl Fredricksen spent his entire life dreaming of exploring the globe and experiencing life to its fullest. But at age 78, life seems to have passed him by, until a twist of fate (and a persistent 8-year old Wilderness Explorer named Russell) gives him a new lease on life.",96,7.7,175000000,735099082
113,Angry,Up,14160,2009,"Animation,Comedy,Family,Adventure","Carl Fredricksen spent his entire life dreaming of exploring the globe and experiencing life to its fullest. But at age 78, life seems to have passed him by, until a twist of fate (and a persistent 8-year old Wilderness Explorer named Russell) gives him a new lease on life.",96,7.7,175000000,735099082
114,Emotional,Up,14160,2009,"Animation,Comedy,Family,Adventure","Carl Fredricksen spent his entire life dreaming of exploring the globe and experiencing life to its fullest. But at age 78, life seems to have passed him by, until a twist of fate (and a persistent 8-year old Wilderness Explorer named Russell) gives him a new lease on life.",96,7.7,175000000,735099082
115,Inspired,Up,14160,2009,"Animation,Comedy,Family,Adventure","Carl Fredricksen spent his entire life dreaming of exploring the globe and experiencing life to its fullest. But at age 78, life seems to have passed him by, until a twist of fate (and a persistent 8-year old Wilderness Explorer named Russell) gives him a new lease on life.",96,7.7,175000000,735099082
116,Inspired,The Secret Life of Walter Mitty,116745,2013,"Adventure,Comedy,Drama,Fantasy",A timid magazine photo manager who lives life vicariously through daydreams embarks on a true-life adventure when a negative goes missing.,114,7,90000000,188133322
117,Happy,Superman,1924,1978,"Action,Adventure,Fantasy,Science Fiction","Mild-mannered Clark Kent works as a reporter at the Daily Planet alongside his crush, Lois Lane − who's in love with Superman. Clark must summon his superhero alter ego when the nefarious Lex Luthor launches a plan to take over the world.",143,6.9,55000000,300218018
118,Sad,Superman,1924,1978,"Action,Adventure,Fantasy,Science Fiction","Mild-mannered Clark Kent works as a reporter at the Daily Planet alongside his crush, Lois Lane − who's in love with Superman. Clark must summon his superhero alter ego when the nefarious Lex Luthor launches a plan to take over the world.",143,6.9,55000000,300218018
119,Romantic,Midnight in Paris,59436,2011,"Fantasy,Comedy,Romance",A romantic comedy about a family traveling to the French capital for business. The party includes a young engaged couple forced to confront the illusion that a life different from their own is better.,94,7.4,30000000,151119219
120,Thrilled/Excited,RED,39514,2010,"Action,Adventure,Comedy,Crime,Thriller","When his peaceful life is threatened by a high-tech assassin, former black-ops agent, Frank Moses reassembles his old team in a last ditch effort to survive and uncover his assailants.",111,6.6,58000000,71664962
121,Thrilled/Excited,Iron Man,1726,2008,"Action,Science Fiction,Adventure","After being held captive in an Afghan cave, billionaire engineer Tony Stark creates a unique weaponized suit of armor to fight evil.",126,7.4,140000000,585174222
122,Inspired,Wild,228970,2014,Drama,A woman with a tragic past decides to start her new life by hiking for one thousand miles on the Pacific Crest Trail.,115,7,15000000,52501541
123,Inspired,Erin Brockovich,462,2000,Drama,"A twice-divorced mother of three who sees an injustice, takes on the bad guy and wins -- with a little help from her push-up bra. Erin goes to work for an attorney and comes across medical records describing illnesses clustered in one nearby town. She starts investigating and soon exposes a monumental cover-up.",131,7.1,52000000,256271286
124,Inspired,Lincoln,72976,2012,"History,Drama","A revealing drama that focuses on the 16th President's tumultuous final months in office. In a nation divided by war and the strong winds of change, Lincoln pursues a course of action designed to end the war, unite the country and abolish slavery. With the moral courage and fierce determination to succeed, his choices during this critical moment will change the fate of generations to come.",149,6.7,65000000,275293450
125,Sad,Seven Pounds,11321,2008,Drama,An IRS agent with a fateful secret embarks on an extraordinary journey of redemption by forever changing the lives of seven strangers.,123,7.5,55000000,168167691
126,Sad,Seven Pounds,11321,2008,Drama,An IRS agent with a fateful secret embarks on an extraordinary journey of redemption by forever changing the lives of seven strangers.,123,7.5,55000000,168167691
127,Angry,Sweet November,1921,2001,"Drama,Romance","Nelson is a man devoted to his advertising career in San Francisco. One day, while taking a driving test at the DMV, he meets Sara. She is very different from the other women in his life. Nelson causes her to miss out on taking the test and later that day she tracks him down. One thing leads to another and Nelson ends up living with her through a November that will change his life forever.",119,6.4,40000000,65754228
128,Emotional,Everest,253412,2015,"Adventure,Drama","Inspired by the incredible events surrounding a treacherous attempt to reach the summit of the world's highest mountain, ""Everest"" documents the awe-inspiring journey of two different expeditions challenged beyond their limits by one of the fiercest snowstorms ever encountered by mankind. Their mettle tested by the harshest of elements found on the planet, the climbers will face nearly impossible obstacles as a lifelong obsession becomes a breathtaking struggle for survival.",121,6.7,55000000,203427584
129,Happy,Avatar,19995,2009,"Action,Adventure,Fantasy,Science Fiction","In the 22nd century, a paraplegic Marine is dispatched to the moon Pandora on a unique mission, but becomes torn between following orders and protecting an alien civilization.",162,7.2,237000000,2787965087
130,Happy,Avatar,19995,2009,"Action,Adventure,Fantasy,Science Fiction","In the 22nd century, a paraplegic Marine is dispatched to the moon Pandora on a unique mission, but becomes torn between following orders and protecting an alien civilization.",162,7.2,237000000,2787965087
131,Happy,JFK,820,1991,"Drama,Thriller,History",New Orleans District Attorney Jim Garrison discovers there's more to the Kennedy assassination than the official story.,189,7.5,40000000,205405498
132,Happy,The Matrix,603,1999,"Action,Science Fiction","Set in the 22nd century, The Matrix tells the story of a computer hacker who joins a group of underground insurgents fighting the vast and powerful computers who now rule the earth.",136,7.9,63000000,463517383
133,Inspired,The Matrix,603,1999,"Action,Science Fiction","Set in the 22nd century, The Matrix tells the story of a computer hacker who joins a group of underground insurgents fighting the vast and powerful computers who now rule the earth.",136,7.9,63000000,463517383
134,Happy,Eternal Sunshine of the Spotless Mind,38,2004,"Science Fiction,Drama,Romance","Joel Barish, heartbroken that his girlfriend underwent a procedure to erase him from her memory, decides to do the same. However, as he watches his memories of her fade away, he realises that he still loves her, and may be too late to correct his mistake.",108,7.9,20000000,72258126
135,Sad,The Pursuit of Happyness,1402,2006,Drama,"The true story of Christopher Gardner, who invests heavily in a device known as a 'Bone Density Scanner', only to find himself struggle to sell the product as it's just marginally better than the current technology, and much more expensive. His wife leaves him,  he loses his house, bank account and credit cards and, now forced to live out in the streets with his young son,  he's desperate to find a steady job. He takes on a job as a stockbroker but, before he can receive pay, he needs to go through 6 months of training, and must sell his devices.",117,7.7,55000000,307077295
136,Angry,Fantastic Four,166424,2015,"Action,Adventure,Science Fiction","Four young outsiders teleport to a dangerous universe, which alters their physical form in shocking ways. Their lives irrevocably upended, the team must learn to harness their daunting new abilities and work together to save Earth from a former friend turned enemy.",100,4.4,120000000,167977596
137,Thrilled,War Horse,57212,2011,"Drama,War","Follows a young man named Albert and his horse, Joey, and how their bond is broken when Joey is sold to the cavalry and sent to the trenches of World War One. Despite being too young to enlist, Albert heads to France to save his friend.",146,7,66000000,177584879
138,Emotional,No Reservations,3638,2007,Comedy,"Master chef Kate Armstrong runs her life and her kitchen with intimidating intensity. However, a recipe for disaster may be in the works when she becomes the guardian of her young niece while crossing forks with the brash sous-chef who just joined her staff. Though romance blooms in the face of rivalry, Kate needs to look outside the kitchen to find true happiness.",104,6.1,28000000,92601050
139,Thrilled,X-Men: The Last Stand,36668,2006,"Adventure,Action,Science Fiction,Thriller","When a cure is found to treat mutations, lines are drawn amongst the X-Men and The Brotherhood, a band of powerful mutants organized under Xavier's former ally, Magneto.",104,6.3,210000000,459359555
140,Romantic,Shrek Forever After,10192,2010,"Comedy,Adventure,Fantasy,Animation,Family","A bored and domesticated Shrek pacts with deal-maker Rumpelstiltskin to get back to feeling like a real ogre again, but when he's duped and sent to a twisted version of Far Far Away—where Rumpelstiltskin is king, ogres are hunted, and he and Fiona have never met—he sets out to restore his world and reclaim his true love.",93,6,165000000,752600867
141,Inspired,Mission: Impossible III,956,2006,"Adventure,Action,Thriller","Retired from active duty to train new IMF agents, Ethan Hunt is called back into action to confront sadistic arms dealer, Owen Davian. Hunt must try to protect his girlfriend while working with his new team to complete the mission.",126,6.5,150000000,397850012
142,Angry,X-Men: Apocalypse,246655,2016,Science Fiction,"After the re-emergence of the world's first mutant, world-destroyer Apocalypse, the X-Men must unite to defeat his extinction level plan.",144,6.4,178000000,543934787
143,Romantic,Enchanted,4523,2007,"Comedy,Family,Fantasy,Romance","The beautiful princess Giselle is banished by an evil queen from her magical, musical animated land and finds herself in the gritty reality of the streets of modern-day Manhattan. Shocked by this strange new environment that doesn't operate on a ""happily ever after"" basis, Giselle is now adrift in a chaotic world badly in need of enchantment. But when Giselle begins to fall in love with a charmingly flawed divorce lawyer who has come to her aid - even though she is already promised to a perfect fairy tale prince back home - she has to wonder: Can a storybook view of romance survive in the real world?",107,6.6,85000000,340487652
144,Sad,The Terminal,594,2004,"Comedy,Drama","Viktor Navorski is a man without a country; his plane took off just as a coup d'etat exploded in his homeland, leaving it in shambles, and now he's stranded at Kennedy Airport, where he's holding a passport that nobody recognizes. While quarantined in the transit lounge until authorities can figure out what to do with him, Viktor simply goes on living – and courts romance with a beautiful flight attendant.",128,7,60000000,219417255
145,Romantic,50 First Dates,1824,2004,"Comedy,Romance","Henry is a player skilled at seducing women. But when this veterinarian meets Lucy, a girl with a quirky problem when it comes to total recall, he realizes it's possible to fall in love all over again…and again, and again. That's because the delightful Lucy has no short-term memory, so Henry must woo her day after day until he finally sweeps her off her feet.",99,6.6,75000000,196482882
146,Inspired,Inside Out,150540,2015,"Drama,Comedy,Animation,Family","Growing up can be a bumpy road, and it's no exception for Riley, who is uprooted from her Midwest life when her father starts a new job in San Francisco. Like all of us, Riley is guided by her emotions - Joy, Fear, Anger, Disgust and Sadness. The emotions live in Headquarters, the control center inside Riley's mind, where they help advise her through everyday life. As Riley and her emotions struggle to adjust to a new life in San Francisco, turmoil ensues in Headquarters. Although Joy, Riley's main and most important emotion, tries to keep things positive, the emotions conflict on how best to navigate a new city, house and school.",94,8,175000000,857611174
147,Inspired,Inside Out,150540,2015,"Drama,Comedy,Animation,Family","Growing up can be a bumpy road, and it's no exception for Riley, who is uprooted from her Midwest life when her father starts a new job in San Francisco. Like all of us, Riley is guided by her emotions - Joy, Fear, Anger, Disgust and Sadness. The emotions live in Headquarters, the control center inside Riley's mind, where they help advise her through everyday life. As Riley and her emotions struggle to adjust to a new life in San Francisco, turmoil ensues in Headquarters. Although Joy, Riley's main and most important emotion, tries to keep things positive, the emotions conflict on how best to navigate a new city, house and school.",94,8,175000000,857611174
148,Angry,Inside Out,150540,2015,"Drama,Comedy,Animation,Family","Growing up can be a bumpy road, and it's no exception for Riley, who is uprooted from her Midwest life when her father starts a new job in San Francisco. Like all of us, Riley is guided by her emotions - Joy, Fear, Anger, Disgust and Sadness. The emotions live in Headquarters, the control center inside Riley's mind, where they help advise her through everyday life. As Riley and her emotions struggle to adjust to a new life in San Francisco, turmoil ensues in Headquarters. Although Joy, Riley's main and most important emotion, tries to keep things positive, the emotions conflict on how best to navigate a new city, house and school.",94,8,175000000,857611174
149,Sad,Inside Out,150540,2015,"Drama,Comedy,Animation,Family","Growing up can be a bumpy road, and it's no exception for Riley, who is uprooted from her Midwest life when her father starts a new job in San Francisco. Like all of us, Riley is guided by her emotions - Joy, Fear, Anger, Disgust and Sadness. The emotions live in Headquarters, the control center inside Riley's mind, where they help advise her through everyday life. As Riley and her emotions struggle to adjust to a new life in San Francisco, turmoil ensues in Headquarters. Although Joy, Riley's main and most important emotion, tries to keep things positive, the emotions conflict on how best to navigate a new city, house and school.",94,8,175000000,857611174
150,Angry,The Punisher,7220,2004,"Action,Crime,Drama","When undercover FBI agent Frank Castle's wife and son are slaughtered, he becomes 'the Punisher' -- a ruthless vigilante willing to go to any length to avenge his family.",124,6.1,33000000,54700105
151,Emotional,The Green Mile,497,1999,"Fantasy,Drama,Crime","A supernatural tale set on death row in a Southern prison, where gentle giant John Coffey possesses the mysterious power to heal people's ailments. When the cellblock's head guard, Paul Edgecomb, recognizes Coffey's miraculous gift, he tries desperately to help stave off the condemned man's execution.",189,8.2,60000000,284600000
152,Happy,Thor,10195,2011,"Adventure,Fantasy,Action","Against his father Odin's will, The Mighty Thor - a powerful but arrogant warrior god - recklessly reignites an ancient war. Thor is cast down to Earth and forced to live among humans as punishment. Once here, Thor learns what it takes to be a true hero when the most dangerous villain of his world sends the darkest forces of Asgard to invade Earth.",115,6.6,150000000,449326618
153,Sad,Thor,10195,2011,"Adventure,Fantasy,Action","Against his father Odin's will, The Mighty Thor - a powerful but arrogant warrior god - recklessly reignites an ancient war. Thor is cast down to Earth and forced to live among humans as punishment. Once here, Thor learns what it takes to be a true hero when the most dangerous villain of his world sends the darkest forces of Asgard to invade Earth.",115,6.6,150000000,449326618
154,Happy,The Avengers,24428,2012,"Science Fiction,Action,Adventure","When an unexpected enemy emerges and threatens global safety and security, Nick Fury, director of the international peacekeeping agency known as S.H.I.E.L.D., finds himself in need of a team to pull the world back from the brink of disaster. Spanning the globe, a daring recruitment effort begins!",143,7.4,220000000,1519557910
155,Happy,Spider-Man,557,2002,"Fantasy,Action","After being bitten by a genetically altered spider, nerdy high school student Peter Parker is endowed with amazing powers.",121,6.8,139000000,821708551
156,Emotional,Babel,1164,2006,Drama,"Tragedy strikes a married couple on vacation in the Moroccan desert, touching off an interlocking story involving four different families.",143,6.9,25000000,135330182
157,Emotional,Miss Julie,230266,2014,Drama,"Over the course of a midsummer night in Fermanagh in 1890, an unsettled daughter of the Anglo-Irish aristocracy encourages her father's valet to seduce her.",120,5.9,5500000,5000000
158,Thrilled/Excited,Die Hard 2,1573,1990,"Action,Thriller","John McClane is an off-duty cop gripped with a feeling of déjà vu when on a snowy Christmas Eve in the nation's capital, terrorists seize a major international airport, holding thousands of holiday travelers hostage. Renegade military commandos led by a murderous rogue officer plot to rescue a drug lord from justice and are prepared for every contingency except one: McClane's smart-mouthed heroics.",124,6.6,70000000,240031094
159,Sad,Brokeback Mountain,142,2005,"Drama,Romance",Brokeback Mountain is an Ang Lee film about two modern day cowboys who meet on a shepherding job in the summer of ’63. The two share a raw and powerful summer together that turns into a life long relationship conflicting with the lives they are supposed to live.,134,7.5,14000000,178043761
160,Sad,Brokeback Mountain,142,2005,"Drama,Romance",Brokeback Mountain is an Ang Lee film about two modern day cowboys who meet on a shepherding job in the summer of ’63. The two share a raw and powerful summer together that turns into a life long relationship conflicting with the lives they are supposed to live.,134,7.5,14000000,178043761
161,Sad,Soul Surfer,43959,2011,"Action,Drama","Soul Surfer is the inspiring true story of teen surfer Bethany Hamilton. Bethany lost her left arm in a shark attack and courageously overcame all odds to become a champion again, through her sheer determination and unwavering faith.Bethany (AnnaSophia Robb) was born to surf. A natural talent who took to the waves at a young age, she was leading an idyllic life on Kauai, participating in national surf competitions with her best friend Alana (Lorraine Nicholson), when everything changed. On Halloween morning, a 14-foot tiger shark came out of nowhere and seemed to shatter all her dreams.Soul Surfer reveals Bethany's fight to recover from her ordeal and how she grappled with the question of her future. Strengthened by the love of her parents, Tom (Dennis Quaid) and Cheri (Helen Hunt), and supported by her youth group leader Sara (Carrie Underwood), Bethany refuses to give in or give up, and begins a bold return to the water.",106,6.9,18000000,47088990
162,Romantic,Vanity Fair,11632,2004,"Drama,Romance","Beautiful, funny, passionate, and calculating, Becky is the orphaned daughter of a starving English artist and a French chorus girl. She yearns for a more glamorous life than her birthright promises and resolves to conquer English society by any means possible. A mere ascension into the heights of society is simply not enough. So Becky finds a patron in the powerful Marquess of Steyne whose whims enable Becky to realise her dreams. But is the ultimate cost too high for her?",141,5.5,23000000,16123851
163,Romantic,Four Weddings and a Funeral,712,1994,"Comedy,Drama,Romance",Four Weddings And A Funeral is a British comedy about a British Man named Charles and an American Woman named Carrie who go through numerous weddings before they determine if they are right for one another.,117,6.6,6000000,254700832
164,Romantic,Mulan,10674,1998,"Animation,Family,Adventure","A tomboyish girl disguises herself as a young man so she can fight with the Imperial Chinese Army against the invading Huns. With help from wise-cracking dragon Mushu, Mulan just might save her country -- and win the heart of handsome Captain Li Shang.",88,7.6,90000000,304320254
165,Inspired,Million Dollar Baby,70,2004,Drama,"Despondent over a painful estrangement from his daughter, trainer Frankie Dunn isn't prepared for boxer Maggie Fitzgerald to enter his life. But Maggie's determined to go pro and to convince Dunn and his cohort to help her.",132,7.7,30000000,216763646
166,Inspired,The Pianist,423,2002,"Drama,War",The Pianist is a film adapted from the biography of Wladyslaw Szpilman. A Jewish-Polish pianist who during the second world war lived and hid miraculously in Warsaw after having gone through a terrible tragedy. A film from Roman Polanski.,150,8,35000000,120072577
167,Inspired,Catch Me If You Can,640,2002,"Drama,Crime","A true story about Frank Abagnale Jr. who, before his 19th birthday, successfully conned millions of dollars worth of checks as a Pan Am pilot, doctor, and legal prosecutor. An FBI agent makes it his mission to put him behind bars. But Frank not only eludes capture, he revels in the pursuit.",141,7.7,52000000,352114312
168,Thrilled,Catch Me If You Can,640,2002,"Drama,Crime","A true story about Frank Abagnale Jr. who, before his 19th birthday, successfully conned millions of dollars worth of checks as a Pan Am pilot, doctor, and legal prosecutor. An FBI agent makes it his mission to put him behind bars. But Frank not only eludes capture, he revels in the pursuit.",141,7.7,52000000,352114312
169,Emotional,Rabbit Hole,27585,2010,Drama,Life for a happy couple is turned upside down after their young son dies in an accident.,91,6.9,5000000,5129058
170,Inspired,World War Z,72190,2013,"Action,Drama,Horror,Science Fiction,Thriller","Life for former United Nations investigator Gerry Lane and his family seems content. Suddenly, the world is plagued by a mysterious infection turning whole human populations into rampaging mindless zombies. After barely escaping the chaos, Lane is persuaded to go on a mission to investigate this disease. What follows is a perilous trek around the world where Lane must brave horrific dangers and long odds to find answers before human civilization falls.",116,6.7,200000000,531865000
171,Inspired,My Big Fat Greek Wedding,8346,2002,"Comedy,Drama,Romance",A young Greek woman falls in love with a non-Greek and struggles to get her family to accept him while she comes to terms with her heritage and cultural identity.,95,6.2,5000000,368744044
172,Happy,The Departed,1422,2006,"Drama,Thriller,Crime","To take down South Boston's Irish Mafia, the police send in one of their own to infiltrate the underworld, not realizing the syndicate has done likewise. While an undercover cop curries favor with the mob kingpin, a career criminal rises through the police ranks. But both sides soon discover there's a mole among them.",151,7.9,90000000,289847354
173,Inspired,The Departed,1422,2006,"Drama,Thriller,Crime","To take down South Boston's Irish Mafia, the police send in one of their own to infiltrate the underworld, not realizing the syndicate has done likewise. While an undercover cop curries favor with the mob kingpin, a career criminal rises through the police ranks. But both sides soon discover there's a mole among them.",151,7.9,90000000,289847354
174,Happy,10 Things I Hate About You,4951,1999,"Comedy,Romance,Drama","Bianca, a tenth grader, has never gone on a date, but she isn't allowed to go out with boys until her older sister Kat gets a boyfriend. The problem is, Kat rubs nearly everyone the wrong way. But Bianca and the guy she has her eye on, Joey, are eager, so Joey fixes Kat up with Patrick, a new kid in town just bitter enough for Kat.",97,7.3,16000000,53478166
175,Angry,Sherlock Holmes,10528,2009,"Action,Adventure,Crime,Mystery","Eccentric consulting detective, Sherlock Holmes and Doctor John Watson battle to bring down a new nemesis and unravel a deadly plot that could destroy England.",128,7,90000000,524028679
176,Thrilled,Jaws,578,1975,"Horror,Thriller,Adventure","An insatiable great white shark terrorizes the townspeople of Amity Island, The police chief, an oceanographer and a grizzled shark hunter seek to destroy the bloodthirsty beast.",124,7.5,7000000,470654000
177,Thrilled,Iron Man 3,68721,2013,"Action,Adventure,Science Fiction","When Tony Stark's world is torn apart by a formidable terrorist called the Mandarin, he starts an odyssey of rebuilding and retribution.",130,6.8,200000000,1215439994
178,Romantic,Pearl Harbor,676,2001,"History,Romance,War","The lifelong friendship between Rafe McCawley and Danny Walker is put to the ultimate test when the two ace fighter pilots become entangled in a love triangle with beautiful Naval nurse Evelyn Johnson. But the rivalry between the friends-turned-foes is immediately put on hold when they find themselves at the center of Japan's devastating attack on Pearl Harbor on Dec. 7, 1941.",183,6.6,140000000,449220945
179,Inspired,Australia,6972,2008,Drama,"Set in northern Australia before World War II, an English aristocrat who inherits a sprawling ranch reluctantly pacts with a stock-man in order to protect her new property from a takeover plot. As the pair drive 2,000 head of cattle over unforgiving landscape, they experience the bombing of Darwin, Australia, by Japanese forces firsthand.",165,6.3,130000000,49554002
180,Happy,Toy Story 3,10193,2010,"Animation,Family,Comedy","Woody, Buzz, and the rest of Andy's toys haven't been played with in years. With Andy about to go to college, the gang find themselves accidentally left at a nefarious day care center. The toys must band together to escape and return home to Andy.",103,7.6,200000000,1066969703
181,Romantic,It's Complicated,22897,2009,"Comedy,Romance","Ten years after their divorce, Jane and Jake Adler unite for their son's college graduation and unexpectedly end up sleeping together. But Jake is married, and Jane is embarking on a new romance with her architect. Now, she has to sort out her life – just when she thought she had it all figured out.",121,6.2,85000000,219103655
182,Sad,Men in Black,607,1997,"Action,Adventure,Comedy,Science Fiction","Men in Black follows the exploits of agents Kay and Jay, members of a top-secret organization established to monitor and police alien activity on Earth. The two Men in Black find themselves in the middle of the deadly plot by an intergalactic terrorist who has arrived on Earth to assassinate two ambassadors from opposing galaxies. In order to prevent worlds from colliding, the MiB must track down the terrorist and prevent the destruction of Earth. It's just another typical day for the Men in Black.",98,6.9,90000000,589390539
183,Thrilled,Men in Black,607,1997,"Action,Adventure,Comedy,Science Fiction","Men in Black follows the exploits of agents Kay and Jay, members of a top-secret organization established to monitor and police alien activity on Earth. The two Men in Black find themselves in the middle of the deadly plot by an intergalactic terrorist who has arrived on Earth to assassinate two ambassadors from opposing galaxies. In order to prevent worlds from colliding, the MiB must track down the terrorist and prevent the destruction of Earth. It's just another typical day for the Men in Black.",98,6.9,90000000,589390539
184,Inspired,Toy Story,862,1995,"Animation,Comedy,Family","Led by Woody, Andy's toys live happily in his room until Andy's birthday brings Buzz Lightyear onto the scene. Afraid of losing his place in Andy's heart, Woody plots against Buzz. But when circumstances separate Buzz and Woody from their owner, the duo eventually learns to put aside their differences.",81,7.7,30000000,373554033
185,Inspired,Training Day,2034,2001,"Action,Crime,Drama,Thriller","On his first day on the job as a narcotics officer, a rookie cop works with a rogue detective who isn't what he appears.",122,7.3,45000000,104876233
186,Emotional,Bambi,3170,1942,"Animation,Drama,Family","Bambi's tale unfolds from season to season as the young prince of the forest learns about life, love, and friends.",70,6.8,858000,267447150
187,Inspired,Wild Wild West,8487,1999,"Action,Adventure,Comedy,Science Fiction,Western",Legless Southern inventor Dr. Arliss Loveless plans to rekindle the Civil War by assassinating President U.S. Grant. Only two men can stop him: gunfighter James West and master-of-disguise and inventor Artemus Gordon. The two must team up to thwart Loveless' plans.,106,5.1,170000000,222104681
188,Happy,Rocky,1366,1976,Drama,"When world heavyweight boxing champion, Apollo Creed wants to give an unknown fighter a shot at the title as a publicity stunt, his handlers choose palooka Rocky Balboa, an uneducated collector for a Philadelphia loan shark. Rocky teams up with trainer  Mickey Goldmill to make the most of this once in a lifetime break.",119,7.5,1000000,117235147
189,Thrilled/Excited,Rocky,1366,1976,Drama,"When world heavyweight boxing champion, Apollo Creed wants to give an unknown fighter a shot at the title as a publicity stunt, his handlers choose palooka Rocky Balboa, an uneducated collector for a Philadelphia loan shark. Rocky teams up with trainer  Mickey Goldmill to make the most of this once in a lifetime break.",119,7.5,1000000,117235147
190,Romantic,Message in a Bottle,10207,1999,"Romance,Drama","A woman finds a romantic letter in a bottle washed ashore and tracks down the author, a widowed shipbuilder whose wife died tragically early. As a deep and mutual attraction blossoms, the man struggles to make peace with his past so that he can move on and find happiness.",131,5.8,80000000,118880016
191,Inspired,Gandhi,783,1982,"Drama,History","In the early years of the 20th century, Mohandas K. Gandhi, a British-trained lawyer, forsakes all worldly possessions to take up the cause of Indian independence. Faced with armed resistance from the British government, Gandhi adopts a policy of 'passive resistance', endeavouring to win freedom for his people without resorting to bloodshed.",191,7.4,22000000,77737889
192,Sad,Ghost,251,1990,"Fantasy,Drama,Thriller,Mystery,Romance","Sam Wheat is a banker, Molly Jensen is an artist, and the two are madly in love. However, when Sam is murdered by his friend and corrupt business partner Carl Bruner over a shady business deal, he is left to roam the earth as a powerless spirit. When he learns of Carl's betrayal, Sam must seek the help of psychic Oda Mae Brown to set things right and protect Molly from Carl and his goons.",127,6.9,22000000,505000000
193,Romantic,Cool Runnings,864,1993,Comedy,"When a Jamaican sprinter is disqualified from the Olympic Games, he enlists the help of a dishonored coach to start the first Jamaican Bobsled Team.",98,6.8,14000000,154864401
194,Thrilled,Gone Girl,210577,2014,"Mystery,Thriller,Drama","With his wife's disappearance having become the focus of an intense media circus, a man sees the spotlight turned on him when it's suspected that he may not be innocent.",145,7.9,61000000,369330363
195,Happy,The Bodyguard,619,1992,"Thriller,Action,Drama,Music,Romance","A former Secret Service agent grudgingly takes an assignment to protect a pop idol who's threatened by a crazed fan. At first, the safety-obsessed bodyguard and the self-indulgent diva totally clash. But before long, all that tension sparks fireworks of another sort, and the love-averse tough guy is torn between duty and romance.",129,6.1,25000000,411006740
196,Happy,White Chicks,12153,2004,Comedy,"Two FBI agent brothers, Marcus and Kevin Copeland, accidentally foil a drug bust. As punishment, they are forced to escort a pair of socialites to the Hamptons, where they're going to be used as bait for a kidnapper. But when the girls realize the FBI's plan, they refuse to go. Left without options, Marcus and Kevin decide to pose as the sisters, transforming themselves from African-American men into a pair of blonde, white women.",109,6.3,37000000,113086475
197,Happy,Jason Bourne,324668,2016,"Action,Thriller",The most dangerous former operative of the CIA is drawn out of hiding to uncover hidden truths about his past.,123,5.9,120000000,415484914
198,Emotional,The Fault in Our Stars,222935,2014,"Romance,Drama","Despite the tumor-shrinking medical miracle that has bought her a few years, Hazel has never been anything but terminal, her final chapter inscribed upon diagnosis. But when a patient named Augustus Waters suddenly appears at Cancer Kid Support Group, Hazel's story is about to be completely rewritten.",125,7.6,12000000,307166834
199,Happy,Eat Pray Love,38167,2010,Drama,"Liz Gilbert had everything a modern woman is supposed to dream of having – a husband, a house and a successful career – yet like so many others, she found herself lost, confused and searching for what she really wanted in life. Newly divorced and at a crossroads, Gilbert steps out of her comfort zone, risking everything to change her life, embarking on a journey around the world that becomes a quest for self-discovery. In her travels, she discovers the true pleasure of nourishment by eating in Italy, the power of prayer in India and, finally and unexpectedly, the inner peace and balance of true love in Bali.",133,5.8,60000000,204594016
200,Happy,Blade Runner,78,1982,"Science Fiction,Drama,Thriller","In the smog-choked dystopian Los Angeles of 2019, blade runner Rick Deckard is called out of retirement to terminate a quartet of replicants who have escaped to Earth seeking their creator for a way to extend their short life spans.",117,7.9,28000000,33139618
201,Emotional,Shakespeare in Love,1934,1998,"Romance,History","Young Shakespeare is forced to stage his latest comedy, ""Romeo and Ethel, the Pirate's Daughter,"" before it's even written. When a lovely noblewoman auditions for a role, they fall into forbidden love -- and his play finds a new life (and title). As their relationship progresses, Shakespeare's comedy soon transforms into tragedy.",122,6.8,25000000,289317794
202,Sad,Shakespeare in Love,1934,1998,"Romance,History","Young Shakespeare is forced to stage his latest comedy, ""Romeo and Ethel, the Pirate's Daughter,"" before it's even written. When a lovely noblewoman auditions for a role, they fall into forbidden love -- and his play finds a new life (and title). As their relationship progresses, Shakespeare's comedy soon transforms into tragedy.",122,6.8,25000000,289317794
203,Thrilled,Quantum of Solace,10764,2008,"Adventure,Action,Thriller,Crime","Quantum of Solace continues the adventures of James Bond after Casino Royale. Betrayed by Vesper, the woman he loved, 007 fights the urge to make his latest mission personal. Pursuing his determination to uncover the truth, Bond and M interrogate Mr. White, who reveals that the organization that blackmailed Vesper is far more complex and dangerous than anyone had imagined.",106,6.1,200000000,586090727
204,Romantic,Frozen,109445,2013,"Animation,Adventure,Family","Young princess Anna of Arendelle dreams about finding true love at her sister Elsa’s coronation. Fate takes her on a dangerous journey in an attempt to end the eternal winter that has fallen over the kingdom. She's accompanied by ice delivery man Kristoff, his reindeer Sven, and snowman Olaf. On an adventure where she will find out what friendship, courage, family, and true love really means.",102,7.3,150000000,1274219009
205,Inspired,Ocean's Twelve,163,2004,"Thriller,Crime","Danny Ocean reunites with his old flame and the rest of his merry band of thieves in carrying out three huge heists in Rome, Paris and Amsterdam – but a Europol agent is hot on their heels.",125,6.4,110000000,362744280
206,Happy,Toy Story 2,863,1999,"Animation,Comedy,Family","Andy heads off to Cowboy Camp, leaving his toys to their own devices. Things shift into high gear when an obsessive toy collector named Al McWhiggen, owner of Al's Toy Barn kidnaps Woody. Andy's toys mount a daring rescue mission, Buzz Lightyear meets his match and Woody has to decide where he and his heart truly belong.",92,7.3,90000000,497366869
207,Inspired,Toy Story 2,863,1999,"Animation,Comedy,Family","Andy heads off to Cowboy Camp, leaving his toys to their own devices. Things shift into high gear when an obsessive toy collector named Al McWhiggen, owner of Al's Toy Barn kidnaps Woody. Andy's toys mount a daring rescue mission, Buzz Lightyear meets his match and Woody has to decide where he and his heart truly belong.",92,7.3,90000000,497366869
208,Angry,Hercules,184315,2014,"Action,Adventure","Fourteen hundred years ago, a tormented soul walked the earth that was neither man nor god. Hercules was the powerful son of the god king Zeus, for this he received nothing but suffering his entire life. After twelve arduous labors and the loss of his family, this dark, world-weary soul turned his back on the gods finding his only solace in bloody battle. Over the years he warmed to the company of six similar souls, their only bond being their love of fighting and presence of death. These men and woman never question where they go to fight or why or whom, just how much they will be paid. Now the King of Thrace has hired these mercenaries to train his men to become the greatest army of all time. It is time for this bunch of lost souls to finally have their eyes opened to how far they have fallen when they must train an army to become as ruthless and blood thirsty as their reputation has become.",99,5.6,100000000,243400000
209,Sad,Journey to the Center of the Earth,88751,2008,"Action,Science Fiction,Adventure,Comedy,Family","On a quest to find out what happened to his missing brother, a scientist, his nephew and their mountain guide discover a fantastic and dangerous lost world in the center of the earth.",93,5.8,45000000,101702060
210,Romantic,Serendipity,9778,2001,"Comedy,Romance","Although strangers Sara and Jonathan are both already in relationships, they realize they have genuine chemistry after a chance encounter – but part company soon after. Years later, they each yearn to reunite, despite being destined for the altar. But to give true love a chance, they have to find one another again.",90,6.6,28000000,77516304
211,Angry,Man on Fire,9509,2004,"Action,Drama,Thriller,Crime","Jaded ex-CIA operative John Creasy reluctantly accepts a job as the bodyguard for a 10-year-old girl in Mexico City. They clash at first, but eventually bond, and when she's kidnapped he's consumed by fury and will stop at nothing to save her life.",146,7.3,70000000,130293714
212,Angry,The Crow,9495,1994,"Fantasy,Action,Thriller","Exactly one year after young rock guitarist Eric Draven and his fiancée are brutally killed by a ruthless gang of criminals, Draven -- watched over by a hypnotic crow -- returns from the grave to exact revenge.",102,7.3,15000000,94000000
213,Happy,The Passion of the Christ,615,2004,Drama,"""The Passion of the Christ"" is a film about the last 12 hours in the life of Jesus. Director Mel Gibson received much criticism from critics and audiences for his explicit depiction of and focus on violence and on christs suffering, especially on the part of the jewish community. The films languages are Arabic, Latin and Hebrew and its actors are laymen which was controversially received as well.",127,6.9,30000000,611899420
214,Inspired,Memoirs of a Geisha,1904,2005,"Drama,History,Romance","A sweeping romantic epic set in Japan in the years before World War II, a penniless Japanese child is torn from her family to work as a maid in a geisha house.",145,7.3,85000000,162242962
215,Happy,Armageddon,95,1998,"Action,Thriller,Science Fiction,Adventure","When an asteroid threatens to collide with Earth, NASA honcho Dan Truman determines the only way to stop it is to drill into its surface and detonate a nuclear bomb. This leads him to renowned driller Harry Stamper, who agrees to helm the dangerous space mission provided he can bring along his own hotshot crew. Among them is the cocksure A.J. who Harry thinks isn't good enough for his daughter, until the mission proves otherwise.",151,6.4,140000000,553799566
216,Thrilled/Excited,Whale Rider,1088,2003,"Drama,Family","On the east coast of New Zealand, the Whangara people believe their presence there dates back a thousand years or more to a single ancestor, Paikea, who escaped death when his canoe capsized by riding to shore on the back of a whale. From then on, Whangara chiefs, always the first-born, always male, have been considered Paikea's direct descendants. Pai, an 11-year-old girl in a patriarchal New Zealand tribe, believes she is destined to be the new chief. But her grandfather Koro is bound by tradition to pick a male leader. Pai loves Koro more than anyone in the world, but she must fight him and a thousand years of tradition to fulfill her destiny.",101,7.1,8000000,41400000
217,Romantic,Safe Haven,112949,2013,Romance,"A young woman with a mysterious past lands in Southport, North Carolina where her bond with a widower forces her to confront the dark secret that haunts her.",115,6.9,28000000,97594140
218,Inspired,Cast Away,8358,2000,"Adventure,Drama","Chuck, a top international manager for FedEx, and Kelly, a Ph.D. student, are in love and heading towards marriage. Then Chuck's plane to Malaysia ditches at sea during a terrible storm. He's the only survivor, and he washes up on a tiny island with nothing but some flotsam and jetsam from the aircraft's cargo.",143,7.5,90000000,429632142
219,Inspired,Selma,273895,2014,"History,Drama","""Selma,"" as in Alabama, the place where segregation in the South was at its worst, leading to a march that ended in violence, forcing a famous statement by President Lyndon B. Johnson that ultimately led to the signing of the Civil Rights Act.",127,7.4,20000000,66787908
220,Inspired,Eddie the Eagle,319888,2016,"Comedy,Drama,History","Inspired by true events, Eddie the Eagle is a feel-good story about Michael ""Eddie"" Edwards (Taron Egerton), an unlikely but courageous British ski-jumper who never stopped believing in himself - even as an entire nation was counting him out. With the help of a rebellious and charismatic coach (played by Hugh Jackman), Eddie takes on the establishment and wins the hearts of sports fans around the world by making an improbable and historic showing at the 1988 Calgary Winter Olympics.",106,7.2,23000000,46152800
221,Emotional,The Gallows,299245,2015,"Horror,Thriller","20 years after a horrific accident during a small town school play, students at the school resurrect the failed show in a misguided attempt to honor the anniversary of the tragedy - but soon discover that some things are better left alone.",87,4.9,100000,42664410
222,Emotional,The Queen,1165,2006,Drama,"The Queen is an intimate behind the scenes glimpse at the interaction between HM Elizabeth II and Prime Minister Tony Blair during their struggle, following the death of Diana, to reach a compromise between what was a private tragedy for the Royal family and the public's demand for an overt display of mourning.",103,6.8,15000000,123384128
223,Romantic,Music and Lyrics,11172,2007,"Comedy,Music,Romance","A washed up singer is given a couple days to compose a chart-topping hit for an aspiring teen sensation. Though he's never written a decent lyric in his life, he sparks with an offbeat younger woman with a flair for words.",96,6.2,40000000,145896422